Park,Year,Month,Visits
Acadia National Park,2018,1,11974
Acadia National Park,2018,2,12167
Acadia National Park,2018,3,23756
Acadia National Park,2018,4,72858
Acadia National Park,2018,5,249050
Acadia National Park,2018,6,499163
Acadia National Park,2018,7,759165
Acadia National Park,2018,8,767219
Acadia National Park,2018,9,600397
Acadia National Park,2018,10,488204
Acadia National Park,2018,11,40930
Acadia National Park,2018,12,12692
Acadia National Park,2017,1,15520
Acadia National Park,2017,2,14342
Acadia National Park,2017,3,20936
Acadia National Park,2017,4,85267
Acadia National Park,2017,5,222978
Acadia National Park,2017,6,476191
Acadia National Park,2017,7,743529
Acadia National Park,2017,8,762436
Acadia National Park,2017,9,595388
Acadia National Park,2017,10,507594
Acadia National Park,2017,11,53006
Acadia National Park,2017,12,12084
Acadia National Park,2016,1,17204
Acadia National Park,2016,2,16530
Acadia National Park,2016,3,28121
Acadia National Park,2016,4,94199
Acadia National Park,2016,5,217147
Acadia National Park,2016,6,445410
Acadia National Park,2016,7,696854
Acadia National Park,2016,8,735945
Acadia National Park,2016,9,570434
Acadia National Park,2016,10,412416
Acadia National Park,2016,11,55022
Acadia National Park,2016,12,14111
Acadia National Park,2015,1,12578
Acadia National Park,2015,2,10626
Acadia National Park,2015,3,18062
Acadia National Park,2015,4,63214
Acadia National Park,2015,5,187205
Acadia National Park,2015,6,359661
Acadia National Park,2015,7,606597
Acadia National Park,2015,8,666767
Acadia National Park,2015,9,479320
Acadia National Park,2015,10,344362
Acadia National Park,2015,11,48912
Acadia National Park,2015,12,13880
Acadia National Park,2014,1,10459
Acadia National Park,2014,2,10258
Acadia National Park,2014,3,17502
Acadia National Park,2014,4,57211
Acadia National Park,2014,5,153013
Acadia National Park,2014,6,338845
Acadia National Park,2014,7,561073
Acadia National Park,2014,8,638152
Acadia National Park,2014,9,418173
Acadia National Park,2014,10,313920
Acadia National Park,2014,11,31013
Acadia National Park,2014,12,13510
Acadia National Park,2013,1,11249
Acadia National Park,2013,2,9869
Acadia National Park,2013,3,20631
Acadia National Park,2013,4,47090
Acadia National Park,2013,5,133653
Acadia National Park,2013,6,315791
Acadia National Park,2013,7,555308
Acadia National Park,2013,8,617306
Acadia National Park,2013,9,400400
Acadia National Park,2013,10,94904
Acadia National Park,2013,11,41181
Acadia National Park,2013,12,7540
Acadia National Park,2012,1,11930
Acadia National Park,2012,2,12388
Acadia National Park,2012,3,22684
Acadia National Park,2012,4,59471
Acadia National Park,2012,5,157406
Acadia National Park,2012,6,309198
Acadia National Park,2012,7,539234
Acadia National Park,2012,8,574307
Acadia National Park,2012,9,391810
Acadia National Park,2012,10,302932
Acadia National Park,2012,11,38385
Acadia National Park,2012,12,11307
Acadia National Park,2011,1,10428
Acadia National Park,2011,2,9533
Acadia National Park,2011,3,19510
Acadia National Park,2011,4,58307
Acadia National Park,2011,5,132720
Acadia National Park,2011,6,297222
Acadia National Park,2011,7,559892
Acadia National Park,2011,8,583153
Acadia National Park,2011,9,387868
Acadia National Park,2011,10,270477
Acadia National Park,2011,11,34192
Acadia National Park,2011,12,11343
Acadia National Park,2010,1,10510
Acadia National Park,2010,2,13398
Acadia National Park,2010,3,26080
Acadia National Park,2010,4,57992
Acadia National Park,2010,5,169898
Acadia National Park,2010,6,286635
Acadia National Park,2010,7,545382
Acadia National Park,2010,8,627918
Acadia National Park,2010,9,431001
Acadia National Park,2010,10,289114
Acadia National Park,2010,11,36736
Acadia National Park,2010,12,9544
Acadia National Park,2009,1,9366
Acadia National Park,2009,2,9751
Acadia National Park,2009,3,19258
Acadia National Park,2009,4,59277
Acadia National Park,2009,5,129885
Acadia National Park,2009,6,244780
Acadia National Park,2009,7,457622
Acadia National Park,2009,8,586446
Acadia National Park,2009,9,399789
Acadia National Park,2009,10,258007
Acadia National Park,2009,11,44042
Acadia National Park,2009,12,9475
Glacier National Park,2018,1,12222
Glacier National Park,2018,2,11847
Glacier National Park,2018,3,21758
Glacier National Park,2018,4,28404
Glacier National Park,2018,5,195116
Glacier National Park,2018,6,556304
Glacier National Park,2018,7,905959
Glacier National Park,2018,8,667688
Glacier National Park,2018,9,434600
Glacier National Park,2018,10,91973
Glacier National Park,2018,11,20657
Glacier National Park,2018,12,18781
Glacier National Park,2017,1,14690
Glacier National Park,2017,2,13802
Glacier National Park,2017,3,19336
Glacier National Park,2017,4,38323
Glacier National Park,2017,5,177787
Glacier National Park,2017,6,620962
Glacier National Park,2017,7,1009665
Glacier National Park,2017,8,908479
Glacier National Park,2017,9,389137
Glacier National Park,2017,10,84469
Glacier National Park,2017,11,15594
Glacier National Park,2017,12,13268
Glacier National Park,2016,1,15674
Glacier National Park,2016,2,16548
Glacier National Park,2016,3,21257
Glacier National Park,2016,4,55125
Glacier National Park,2016,5,183925
Glacier National Park,2016,6,485017
Glacier National Park,2016,7,818481
Glacier National Park,2016,8,748565
Glacier National Park,2016,9,482592
Glacier National Park,2016,10,75797
Glacier National Park,2016,11,30823
Glacier National Park,2016,12,12877
Glacier National Park,2015,1,12087
Glacier National Park,2015,2,14530
Glacier National Park,2015,3,18139
Glacier National Park,2015,4,48270
Glacier National Park,2015,5,134741
Glacier National Park,2015,6,414671
Glacier National Park,2015,7,689064
Glacier National Park,2015,8,579007
Glacier National Park,2015,9,351388
Glacier National Park,2015,10,71297
Glacier National Park,2015,11,19505
Glacier National Park,2015,12,13357
Glacier National Park,2014,1,12111
Glacier National Park,2014,2,10242
Glacier National Park,2014,3,13214
Glacier National Park,2014,4,28667
Glacier National Park,2014,5,112187
Glacier National Park,2014,6,334074
Glacier National Park,2014,7,699650
Glacier National Park,2014,8,675119
Glacier National Park,2014,9,353497
Glacier National Park,2014,10,72694
Glacier National Park,2014,11,15706
Glacier National Park,2014,12,11367
Glacier National Park,2013,1,10836
Glacier National Park,2013,2,11388
Glacier National Park,2013,3,15758
Glacier National Park,2013,4,20922
Glacier National Park,2013,5,108998
Glacier National Park,2013,6,343560
Glacier National Park,2013,7,645514
Glacier National Park,2013,8,626556
Glacier National Park,2013,9,355471
Glacier National Park,2013,10,25965
Glacier National Park,2013,11,14924
Glacier National Park,2013,12,10482
Glacier National Park,2012,1,10318
Glacier National Park,2012,2,10194
Glacier National Park,2012,3,12416
Glacier National Park,2012,4,32085
Glacier National Park,2012,5,112055
Glacier National Park,2012,6,313713
Glacier National Park,2012,7,630093
Glacier National Park,2012,8,604039
Glacier National Park,2012,9,356975
Glacier National Park,2012,10,54127
Glacier National Park,2012,11,16158
Glacier National Park,2012,12,9862
Glacier National Park,2011,1,10887
Glacier National Park,2011,2,10911
Glacier National Park,2011,3,12243
Glacier National Park,2011,4,15747
Glacier National Park,2011,5,92755
Glacier National Park,2011,6,266283
Glacier National Park,2011,7,512494
Glacier National Park,2011,8,532718
Glacier National Park,2011,9,320813
Glacier National Park,2011,10,54356
Glacier National Park,2011,11,13797
Glacier National Park,2011,12,10560
Glacier National Park,2010,1,10005
Glacier National Park,2010,2,10811
Glacier National Park,2010,3,14646
Glacier National Park,2010,4,24111
Glacier National Park,2010,5,106316
Glacier National Park,2010,6,337120
Glacier National Park,2010,7,673359
Glacier National Park,2010,8,632971
Glacier National Park,2010,9,300275
Glacier National Park,2010,10,66155
Glacier National Park,2010,11,13541
Glacier National Park,2010,12,10738
Glacier National Park,2009,1,9800
Glacier National Park,2009,2,11642
Glacier National Park,2009,3,10647
Glacier National Park,2009,4,21805
Glacier National Park,2009,5,102993
Glacier National Park,2009,6,327572
Glacier National Park,2009,7,603681
Glacier National Park,2009,8,541997
Glacier National Park,2009,9,325257
Glacier National Park,2009,10,49525
Glacier National Park,2009,11,15801
Glacier National Park,2009,12,10628
Grand Canyon National Park,2018,1,257366
Grand Canyon National Park,2018,2,265949
Grand Canyon National Park,2018,3,503284
Grand Canyon National Park,2018,4,549416
Grand Canyon National Park,2018,5,637703
Grand Canyon National Park,2018,6,673474
Grand Canyon National Park,2018,7,799765
Grand Canyon National Park,2018,8,744826
Grand Canyon National Park,2018,9,615783
Grand Canyon National Park,2018,10,555094
Grand Canyon National Park,2018,11,408794
Grand Canyon National Park,2018,12,369041
Grand Canyon National Park,2017,1,217102
Grand Canyon National Park,2017,2,239154
Grand Canyon National Park,2017,3,502739
Grand Canyon National Park,2017,4,590006
Grand Canyon National Park,2017,5,606247
Grand Canyon National Park,2017,6,726916
Grand Canyon National Park,2017,7,837258
Grand Canyon National Park,2017,8,745613
Grand Canyon National Park,2017,9,571946
Grand Canyon National Park,2017,10,529825
Grand Canyon National Park,2017,11,349326
Grand Canyon National Park,2017,12,338106
Grand Canyon National Park,2016,1,189103
Grand Canyon National Park,2016,2,214361
Grand Canyon National Park,2016,3,504295
Grand Canyon National Park,2016,4,464922
Grand Canyon National Park,2016,5,588591
Grand Canyon National Park,2016,6,700421
Grand Canyon National Park,2016,7,839086
Grand Canyon National Park,2016,8,743158
Grand Canyon National Park,2016,9,578006
Grand Canyon National Park,2016,10,517791
Grand Canyon National Park,2016,11,333204
Grand Canyon National Park,2016,12,296873
Grand Canyon National Park,2015,1,191781
Grand Canyon National Park,2015,2,224311
Grand Canyon National Park,2015,3,437563
Grand Canyon National Park,2015,4,486989
Grand Canyon National Park,2015,5,541338
Grand Canyon National Park,2015,6,614938
Grand Canyon National Park,2015,7,714911
Grand Canyon National Park,2015,8,793412
Grand Canyon National Park,2015,9,525090
Grand Canyon National Park,2015,10,444363
Grand Canyon National Park,2015,11,273558
Grand Canyon National Park,2015,12,272482
Grand Canyon National Park,2014,1,173458
Grand Canyon National Park,2014,2,176364
Grand Canyon National Park,2014,3,353920
Grand Canyon National Park,2014,4,320348
Grand Canyon National Park,2014,5,463713
Grand Canyon National Park,2014,6,563375
Grand Canyon National Park,2014,7,621953
Grand Canyon National Park,2014,8,671027
Grand Canyon National Park,2014,9,488359
Grand Canyon National Park,2014,10,410933
Grand Canyon National Park,2014,11,256705
Grand Canyon National Park,2014,12,256616
Grand Canyon National Park,2013,1,143405
Grand Canyon National Park,2013,2,145356
Grand Canyon National Park,2013,3,359799
Grand Canyon National Park,2013,4,375899
Grand Canyon National Park,2013,5,468178
Grand Canyon National Park,2013,6,613479
Grand Canyon National Park,2013,7,728543
Grand Canyon National Park,2013,8,633026
Grand Canyon National Park,2013,9,465665
Grand Canyon National Park,2013,10,197742
Grand Canyon National Park,2013,11,217733
Grand Canyon National Park,2013,12,216015
Grand Canyon National Park,2012,1,141357
Grand Canyon National Park,2012,2,141305
Grand Canyon National Park,2012,3,291120
Grand Canyon National Park,2012,4,389777
Grand Canyon National Park,2012,5,416363
Grand Canyon National Park,2012,6,549688
Grand Canyon National Park,2012,7,647953
Grand Canyon National Park,2012,8,610680
Grand Canyon National Park,2012,9,448925
Grand Canyon National Park,2012,10,376225
Grand Canyon National Park,2012,11,221927
Grand Canyon National Park,2012,12,186032
Grand Canyon National Park,2011,1,139029
Grand Canyon National Park,2011,2,120726
Grand Canyon National Park,2011,3,304583
Grand Canyon National Park,2011,4,388363
Grand Canyon National Park,2011,5,419569
Grand Canyon National Park,2011,6,544089
Grand Canyon National Park,2011,7,654871
Grand Canyon National Park,2011,8,595265
Grand Canyon National Park,2011,9,410636
Grand Canyon National Park,2011,10,348203
Grand Canyon National Park,2011,11,201809
Grand Canyon National Park,2011,12,171035
Grand Canyon National Park,2010,1,120409
Grand Canyon National Park,2010,2,124573
Grand Canyon National Park,2010,3,312903
Grand Canyon National Park,2010,4,375136
Grand Canyon National Park,2010,5,399037
Grand Canyon National Park,2010,6,555941
Grand Canyon National Park,2010,7,647636
Grand Canyon National Park,2010,8,629167
Grand Canyon National Park,2010,9,477863
Grand Canyon National Park,2010,10,359758
Grand Canyon National Park,2010,11,219474
Grand Canyon National Park,2010,12,166489
Grand Canyon National Park,2009,1,135463
Grand Canyon National Park,2009,2,132865
Grand Canyon National Park,2009,3,310717
Grand Canyon National Park,2009,4,393469
Grand Canyon National Park,2009,5,432940
Grand Canyon National Park,2009,6,529833
Grand Canyon National Park,2009,7,658993
Grand Canyon National Park,2009,8,600442
Grand Canyon National Park,2009,9,425737
Grand Canyon National Park,2009,10,352207
Grand Canyon National Park,2009,11,214355
Grand Canyon National Park,2009,12,161047
Grand Teton National Park,2018,1,54298
Grand Teton National Park,2018,2,47524
Grand Teton National Park,2018,3,57276
Grand Teton National Park,2018,4,60541
Grand Teton National Park,2018,5,296885
Grand Teton National Park,2018,6,627055
Grand Teton National Park,2018,7,795725
Grand Teton National Park,2018,8,692074
Grand Teton National Park,2018,9,558788
Grand Teton National Park,2018,10,207534
Grand Teton National Park,2018,11,44651
Grand Teton National Park,2018,12,48800
Grand Teton National Park,2017,1,45377
Grand Teton National Park,2017,2,44397
Grand Teton National Park,2017,3,53366
Grand Teton National Park,2017,4,58403
Grand Teton National Park,2017,5,255583
Grand Teton National Park,2017,6,637683
Grand Teton National Park,2017,7,739046
Grand Teton National Park,2017,8,716690
Grand Teton National Park,2017,9,482661
Grand Teton National Park,2017,10,187499
Grand Teton National Park,2017,11,45496
Grand Teton National Park,2017,12,50799
Grand Teton National Park,2016,1,47501
Grand Teton National Park,2016,2,53271
Grand Teton National Park,2016,3,55162
Grand Teton National Park,2016,4,59287
Grand Teton National Park,2016,5,292318
Grand Teton National Park,2016,6,603154
Grand Teton National Park,2016,7,758253
Grand Teton National Park,2016,8,633657
Grand Teton National Park,2016,9,492451
Grand Teton National Park,2016,10,186185
Grand Teton National Park,2016,11,50508
Grand Teton National Park,2016,12,38329
Grand Teton National Park,2015,1,46952
Grand Teton National Park,2015,2,51638
Grand Teton National Park,2015,3,57392
Grand Teton National Park,2015,4,52348
Grand Teton National Park,2015,5,231708
Grand Teton National Park,2015,6,576057
Grand Teton National Park,2015,7,737246
Grand Teton National Park,2015,8,651245
Grand Teton National Park,2015,9,474787
Grand Teton National Park,2015,10,190681
Grand Teton National Park,2015,11,38610
Grand Teton National Park,2015,12,41257
Grand Teton National Park,2014,1,44783
Grand Teton National Park,2014,2,38951
Grand Teton National Park,2014,3,47711
Grand Teton National Park,2014,4,45867
Grand Teton National Park,2014,5,199161
Grand Teton National Park,2014,6,515625
Grand Teton National Park,2014,7,686200
Grand Teton National Park,2014,8,614995
Grand Teton National Park,2014,9,372054
Grand Teton National Park,2014,10,148281
Grand Teton National Park,2014,11,37388
Grand Teton National Park,2014,12,40376
Grand Teton National Park,2013,1,39871
Grand Teton National Park,2013,2,40742
Grand Teton National Park,2013,3,47414
Grand Teton National Park,2013,4,45027
Grand Teton National Park,2013,5,189663
Grand Teton National Park,2013,6,509389
Grand Teton National Park,2013,7,642862
Grand Teton National Park,2013,8,609953
Grand Teton National Park,2013,9,420542
Grand Teton National Park,2013,10,68984
Grand Teton National Park,2013,11,36686
Grand Teton National Park,2013,12,37661
Grand Teton National Park,2012,1,38762
Grand Teton National Park,2012,2,31835
Grand Teton National Park,2012,3,39138
Grand Teton National Park,2012,4,48341
Grand Teton National Park,2012,5,167848
Grand Teton National Park,2012,6,484844
Grand Teton National Park,2012,7,661613
Grand Teton National Park,2012,8,585450
Grand Teton National Park,2012,9,405477
Grand Teton National Park,2012,10,165549
Grand Teton National Park,2012,11,36114
Grand Teton National Park,2012,12,40285
Grand Teton National Park,2011,1,42986
Grand Teton National Park,2011,2,39921
Grand Teton National Park,2011,3,48213
Grand Teton National Park,2011,4,41914
Grand Teton National Park,2011,5,148425
Grand Teton National Park,2011,6,436208
Grand Teton National Park,2011,7,643386
Grand Teton National Park,2011,8,568658
Grand Teton National Park,2011,9,403649
Grand Teton National Park,2011,10,141259
Grand Teton National Park,2011,11,33293
Grand Teton National Park,2011,12,39525
Grand Teton National Park,2010,1,40509
Grand Teton National Park,2010,2,40495
Grand Teton National Park,2010,3,47742
Grand Teton National Park,2010,4,47575
Grand Teton National Park,2010,5,161320
Grand Teton National Park,2010,6,450650
Grand Teton National Park,2010,7,628355
Grand Teton National Park,2010,8,598412
Grand Teton National Park,2010,9,421830
Grand Teton National Park,2010,10,149581
Grand Teton National Park,2010,11,39805
Grand Teton National Park,2010,12,43100
Grand Teton National Park,2009,1,43659
Grand Teton National Park,2009,2,43129
Grand Teton National Park,2009,3,44492
Grand Teton National Park,2009,4,48206
Grand Teton National Park,2009,5,177624
Grand Teton National Park,2009,6,435542
Grand Teton National Park,2009,7,622045
Grand Teton National Park,2009,8,568122
Grand Teton National Park,2009,9,393873
Grand Teton National Park,2009,10,124607
Grand Teton National Park,2009,11,37574
Grand Teton National Park,2009,12,41208
Great Smoky Mountains National Park,2018,1,320864
Great Smoky Mountains National Park,2018,2,399156
Great Smoky Mountains National Park,2018,3,689235
Great Smoky Mountains National Park,2018,4,820657
Great Smoky Mountains National Park,2018,5,985145
Great Smoky Mountains National Park,2018,6,1401741
Great Smoky Mountains National Park,2018,7,1468273
Great Smoky Mountains National Park,2018,8,1195360
Great Smoky Mountains National Park,2018,9,1369637
Great Smoky Mountains National Park,2018,10,1263665
Great Smoky Mountains National Park,2018,11,867110
Great Smoky Mountains National Park,2018,12,640357
Great Smoky Mountains National Park,2017,1,382161
Great Smoky Mountains National Park,2017,2,457921
Great Smoky Mountains National Park,2017,3,690615
Great Smoky Mountains National Park,2017,4,867375
Great Smoky Mountains National Park,2017,5,907646
Great Smoky Mountains National Park,2017,6,1304711
Great Smoky Mountains National Park,2017,7,1492508
Great Smoky Mountains National Park,2017,8,1235188
Great Smoky Mountains National Park,2017,9,1282168
Great Smoky Mountains National Park,2017,10,1336369
Great Smoky Mountains National Park,2017,11,817238
Great Smoky Mountains National Park,2017,12,564993
Great Smoky Mountains National Park,2016,1,379730
Great Smoky Mountains National Park,2016,2,353532
Great Smoky Mountains National Park,2016,3,778211
Great Smoky Mountains National Park,2016,4,859420
Great Smoky Mountains National Park,2016,5,1018224
Great Smoky Mountains National Park,2016,6,1364138
Great Smoky Mountains National Park,2016,7,1464456
Great Smoky Mountains National Park,2016,8,1183778
Great Smoky Mountains National Park,2016,9,1165098
Great Smoky Mountains National Park,2016,10,1466584
Great Smoky Mountains National Park,2016,11,810894
Great Smoky Mountains National Park,2016,12,468721
Great Smoky Mountains National Park,2015,1,373315
Great Smoky Mountains National Park,2015,2,244214
Great Smoky Mountains National Park,2015,3,598835
Great Smoky Mountains National Park,2015,4,794886
Great Smoky Mountains National Park,2015,5,1017955
Great Smoky Mountains National Park,2015,6,1307646
Great Smoky Mountains National Park,2015,7,1441603
Great Smoky Mountains National Park,2015,8,1208882
Great Smoky Mountains National Park,2015,9,1096723
Great Smoky Mountains National Park,2015,10,1353454
Great Smoky Mountains National Park,2015,11,707576
Great Smoky Mountains National Park,2015,12,567585
Great Smoky Mountains National Park,2014,1,275353
Great Smoky Mountains National Park,2014,2,296451
Great Smoky Mountains National Park,2014,3,509454
Great Smoky Mountains National Park,2014,4,724987
Great Smoky Mountains National Park,2014,5,900900
Great Smoky Mountains National Park,2014,6,1305063
Great Smoky Mountains National Park,2014,7,1445328
Great Smoky Mountains National Park,2014,8,1213262
Great Smoky Mountains National Park,2014,9,978105
Great Smoky Mountains National Park,2014,10,1303450
Great Smoky Mountains National Park,2014,11,636596
Great Smoky Mountains National Park,2014,12,510327
Great Smoky Mountains National Park,2013,1,265633
Great Smoky Mountains National Park,2013,2,252437
Great Smoky Mountains National Park,2013,3,465594
Great Smoky Mountains National Park,2013,4,636677
Great Smoky Mountains National Park,2013,5,885960
Great Smoky Mountains National Park,2013,6,1321821
Great Smoky Mountains National Park,2013,7,1399567
Great Smoky Mountains National Park,2013,8,1040021
Great Smoky Mountains National Park,2013,9,1060237
Great Smoky Mountains National Park,2013,10,847616
Great Smoky Mountains National Park,2013,11,688430
Great Smoky Mountains National Park,2013,12,490702
Great Smoky Mountains National Park,2012,1,269282
Great Smoky Mountains National Park,2012,2,353390
Great Smoky Mountains National Park,2012,3,611326
Great Smoky Mountains National Park,2012,4,745545
Great Smoky Mountains National Park,2012,5,799760
Great Smoky Mountains National Park,2012,6,1202056
Great Smoky Mountains National Park,2012,7,1392067
Great Smoky Mountains National Park,2012,8,1081025
Great Smoky Mountains National Park,2012,9,982942
Great Smoky Mountains National Park,2012,10,1144273
Great Smoky Mountains National Park,2012,11,623636
Great Smoky Mountains National Park,2012,12,480527
Great Smoky Mountains National Park,2011,1,214609
Great Smoky Mountains National Park,2011,2,315206
Great Smoky Mountains National Park,2011,3,502501
Great Smoky Mountains National Park,2011,4,690037
Great Smoky Mountains National Park,2011,5,727237
Great Smoky Mountains National Park,2011,6,1121001
Great Smoky Mountains National Park,2011,7,1342491
Great Smoky Mountains National Park,2011,8,1002603
Great Smoky Mountains National Park,2011,9,882269
Great Smoky Mountains National Park,2011,10,1133530
Great Smoky Mountains National Park,2011,11,605743
Great Smoky Mountains National Park,2011,12,471603
Great Smoky Mountains National Park,2010,1,303318
Great Smoky Mountains National Park,2010,2,239587
Great Smoky Mountains National Park,2010,3,505950
Great Smoky Mountains National Park,2010,4,848946
Great Smoky Mountains National Park,2010,5,792980
Great Smoky Mountains National Park,2010,6,1359978
Great Smoky Mountains National Park,2010,7,1403978
Great Smoky Mountains National Park,2010,8,947311
Great Smoky Mountains National Park,2010,9,845410
Great Smoky Mountains National Park,2010,10,1252357
Great Smoky Mountains National Park,2010,11,621211
Great Smoky Mountains National Park,2010,12,342512
Great Smoky Mountains National Park,2009,1,323614
Great Smoky Mountains National Park,2009,2,334515
Great Smoky Mountains National Park,2009,3,521140
Great Smoky Mountains National Park,2009,4,770585
Great Smoky Mountains National Park,2009,5,788974
Great Smoky Mountains National Park,2009,6,1181938
Great Smoky Mountains National Park,2009,7,1404034
Great Smoky Mountains National Park,2009,8,1035277
Great Smoky Mountains National Park,2009,9,845655
Great Smoky Mountains National Park,2009,10,1052137
Great Smoky Mountains National Park,2009,11,708797
Great Smoky Mountains National Park,2009,12,524771
Olympic National Park,2018,1,124050
Olympic National Park,2018,2,95948
Olympic National Park,2018,3,113917
Olympic National Park,2018,4,161131
Olympic National Park,2018,5,305775
Olympic National Park,2018,6,462461
Olympic National Park,2018,7,492372
Olympic National Park,2018,8,655793
Olympic National Park,2018,9,345371
Olympic National Park,2018,10,193677
Olympic National Park,2018,11,90207
Olympic National Park,2018,12,63753
Olympic National Park,2017,1,96056
Olympic National Park,2017,2,94433
Olympic National Park,2017,3,114817
Olympic National Park,2017,4,202039
Olympic National Park,2017,5,350885
Olympic National Park,2017,6,500191
Olympic National Park,2017,7,510184
Olympic National Park,2017,8,764282
Olympic National Park,2017,9,411658
Olympic National Park,2017,10,194127
Olympic National Park,2017,11,91989
Olympic National Park,2017,12,71335
Olympic National Park,2016,1,97571
Olympic National Park,2016,2,103509
Olympic National Park,2016,3,126255
Olympic National Park,2016,4,171641
Olympic National Park,2016,5,341524
Olympic National Park,2016,6,459305
Olympic National Park,2016,7,563492
Olympic National Park,2016,8,813267
Olympic National Park,2016,9,409680
Olympic National Park,2016,10,114112
Olympic National Park,2016,11,117426
Olympic National Park,2016,12,72439
Olympic National Park,2015,1,79877
Olympic National Park,2015,2,102766
Olympic National Park,2015,3,110453
Olympic National Park,2015,4,163263
Olympic National Park,2015,5,280726
Olympic National Park,2015,6,550337
Olympic National Park,2015,7,568820
Olympic National Park,2015,8,702159
Olympic National Park,2015,9,391825
Olympic National Park,2015,10,139783
Olympic National Park,2015,11,104817
Olympic National Park,2015,12,68935
Olympic National Park,2014,1,80424
Olympic National Park,2014,2,77894
Olympic National Park,2014,3,106803
Olympic National Park,2014,4,163050
Olympic National Park,2014,5,282962
Olympic National Park,2014,6,396184
Olympic National Park,2014,7,585884
Olympic National Park,2014,8,860611
Olympic National Park,2014,9,394495
Olympic National Park,2014,10,146288
Olympic National Park,2014,11,75692
Olympic National Park,2014,12,73585
Olympic National Park,2013,1,77162
Olympic National Park,2013,2,81808
Olympic National Park,2013,3,119954
Olympic National Park,2013,4,124456
Olympic National Park,2013,5,274629
Olympic National Park,2013,6,388581
Olympic National Park,2013,7,460971
Olympic National Park,2013,8,855663
Olympic National Park,2013,9,373850
Olympic National Park,2013,10,134726
Olympic National Park,2013,11,89154
Olympic National Park,2013,12,104386
Olympic National Park,2012,1,65178
Olympic National Park,2012,2,79292
Olympic National Park,2012,3,96768
Olympic National Park,2012,4,114970
Olympic National Park,2012,5,287399
Olympic National Park,2012,6,261427
Olympic National Park,2012,7,527598
Olympic National Park,2012,8,639436
Olympic National Park,2012,9,417768
Olympic National Park,2012,10,165809
Olympic National Park,2012,11,83363
Olympic National Park,2012,12,85900
Olympic National Park,2011,1,81212
Olympic National Park,2011,2,68228
Olympic National Park,2011,3,105061
Olympic National Park,2011,4,128660
Olympic National Park,2011,5,282322
Olympic National Park,2011,6,316535
Olympic National Park,2011,7,514487
Olympic National Park,2011,8,724884
Olympic National Park,2011,9,380517
Olympic National Park,2011,10,194130
Olympic National Park,2011,11,91620
Olympic National Park,2011,12,78846
Olympic National Park,2010,1,95417
Olympic National Park,2010,2,87317
Olympic National Park,2010,3,114917
Olympic National Park,2010,4,160423
Olympic National Park,2010,5,224279
Olympic National Park,2010,6,283713
Olympic National Park,2010,7,515266
Olympic National Park,2010,8,648734
Olympic National Park,2010,9,329213
Olympic National Park,2010,10,172354
Olympic National Park,2010,11,147838
Olympic National Park,2010,12,65092
Olympic National Park,2009,1,108180
Olympic National Park,2009,2,108615
Olympic National Park,2009,3,130282
Olympic National Park,2009,4,131420
Olympic National Park,2009,5,296279
Olympic National Park,2009,6,390715
Olympic National Park,2009,7,511702
Olympic National Park,2009,8,714948
Olympic National Park,2009,9,408782
Olympic National Park,2009,10,218816
Olympic National Park,2009,11,143775
Olympic National Park,2009,12,112945
Rocky Mountain National Park,2018,1,111422
Rocky Mountain National Park,2018,2,84245
Rocky Mountain National Park,2018,3,156434
Rocky Mountain National Park,2018,4,151975
Rocky Mountain National Park,2018,5,305993
Rocky Mountain National Park,2018,6,720822
Rocky Mountain National Park,2018,7,931929
Rocky Mountain National Park,2018,8,798306
Rocky Mountain National Park,2018,9,784480
Rocky Mountain National Park,2018,10,312757
Rocky Mountain National Park,2018,11,125349
Rocky Mountain National Park,2018,12,106781
Rocky Mountain National Park,2017,1,95602
Rocky Mountain National Park,2017,2,98832
Rocky Mountain National Park,2017,3,145110
Rocky Mountain National Park,2017,4,158360
Rocky Mountain National Park,2017,5,263222
Rocky Mountain National Park,2017,6,741247
Rocky Mountain National Park,2017,7,885478
Rocky Mountain National Park,2017,8,782625
Rocky Mountain National Park,2017,9,681160
Rocky Mountain National Park,2017,10,332526
Rocky Mountain National Park,2017,11,140223
Rocky Mountain National Park,2017,12,112830
Rocky Mountain National Park,2016,1,115207
Rocky Mountain National Park,2016,2,105125
Rocky Mountain National Park,2016,3,135053
Rocky Mountain National Park,2016,4,129967
Rocky Mountain National Park,2016,5,285868
Rocky Mountain National Park,2016,6,700990
Rocky Mountain National Park,2016,7,912507
Rocky Mountain National Park,2016,8,772849
Rocky Mountain National Park,2016,9,711110
Rocky Mountain National Park,2016,10,398525
Rocky Mountain National Park,2016,11,158553
Rocky Mountain National Park,2016,12,91831
Rocky Mountain National Park,2015,1,98928
Rocky Mountain National Park,2015,2,85123
Rocky Mountain National Park,2015,3,134304
Rocky Mountain National Park,2015,4,116959
Rocky Mountain National Park,2015,5,259711
Rocky Mountain National Park,2015,6,608796
Rocky Mountain National Park,2015,7,858426
Rocky Mountain National Park,2015,8,765579
Rocky Mountain National Park,2015,9,644350
Rocky Mountain National Park,2015,10,371558
Rocky Mountain National Park,2015,11,118398
Rocky Mountain National Park,2015,12,93784
Rocky Mountain National Park,2014,1,77633
Rocky Mountain National Park,2014,2,76881
Rocky Mountain National Park,2014,3,99077
Rocky Mountain National Park,2014,4,97100
Rocky Mountain National Park,2014,5,220532
Rocky Mountain National Park,2014,6,538725
Rocky Mountain National Park,2014,7,693685
Rocky Mountain National Park,2014,8,616826
Rocky Mountain National Park,2014,9,537694
Rocky Mountain National Park,2014,10,305651
Rocky Mountain National Park,2014,11,90915
Rocky Mountain National Park,2014,12,80032
Rocky Mountain National Park,2013,1,78022
Rocky Mountain National Park,2013,2,68831
Rocky Mountain National Park,2013,3,89691
Rocky Mountain National Park,2013,4,90379
Rocky Mountain National Park,2013,5,239184
Rocky Mountain National Park,2013,6,602508
Rocky Mountain National Park,2013,7,712583
Rocky Mountain National Park,2013,8,621852
Rocky Mountain National Park,2013,9,253467
Rocky Mountain National Park,2013,10,66275
Rocky Mountain National Park,2013,11,86379
Rocky Mountain National Park,2013,12,81970
Rocky Mountain National Park,2012,1,68537
Rocky Mountain National Park,2012,2,62036
Rocky Mountain National Park,2012,3,104374
Rocky Mountain National Park,2012,4,117053
Rocky Mountain National Park,2012,5,228950
Rocky Mountain National Park,2012,6,500206
Rocky Mountain National Park,2012,7,651722
Rocky Mountain National Park,2012,8,589131
Rocky Mountain National Park,2012,9,527172
Rocky Mountain National Park,2012,10,219946
Rocky Mountain National Park,2012,11,93714
Rocky Mountain National Park,2012,12,66776
Rocky Mountain National Park,2011,1,68641
Rocky Mountain National Park,2011,2,50540
Rocky Mountain National Park,2011,3,73760
Rocky Mountain National Park,2011,4,77183
Rocky Mountain National Park,2011,5,163587
Rocky Mountain National Park,2011,6,500733
Rocky Mountain National Park,2011,7,743741
Rocky Mountain National Park,2011,8,620534
Rocky Mountain National Park,2011,9,483780
Rocky Mountain National Park,2011,10,264617
Rocky Mountain National Park,2011,11,68076
Rocky Mountain National Park,2011,12,61749
Rocky Mountain National Park,2010,1,64618
Rocky Mountain National Park,2010,2,44576
Rocky Mountain National Park,2010,3,70117
Rocky Mountain National Park,2010,4,69097
Rocky Mountain National Park,2010,5,180710
Rocky Mountain National Park,2010,6,441738
Rocky Mountain National Park,2010,7,668418
Rocky Mountain National Park,2010,8,574638
Rocky Mountain National Park,2010,9,461942
Rocky Mountain National Park,2010,10,245770
Rocky Mountain National Park,2010,11,67862
Rocky Mountain National Park,2010,12,66335
Rocky Mountain National Park,2009,1,70858
Rocky Mountain National Park,2009,2,58375
Rocky Mountain National Park,2009,3,75022
Rocky Mountain National Park,2009,4,58842
Rocky Mountain National Park,2009,5,207827
Rocky Mountain National Park,2009,6,426453
Rocky Mountain National Park,2009,7,626907
Rocky Mountain National Park,2009,8,568455
Rocky Mountain National Park,2009,9,443488
Rocky Mountain National Park,2009,10,171959
Rocky Mountain National Park,2009,11,67894
Rocky Mountain National Park,2009,12,46245
Yellowstone National Park,2018,1,29179
Yellowstone National Park,2018,2,34263
Yellowstone National Park,2018,3,22741
Yellowstone National Park,2018,4,37766
Yellowstone National Park,2018,5,446875
Yellowstone National Park,2018,6,810884
Yellowstone National Park,2018,7,940563
Yellowstone National Park,2018,8,813970
Yellowstone National Park,2018,9,724454
Yellowstone National Park,2018,10,218076
Yellowstone National Park,2018,11,13849
Yellowstone National Park,2018,12,22380
Yellowstone National Park,2017,1,29518
Yellowstone National Park,2017,2,32275
Yellowstone National Park,2017,3,23897
Yellowstone National Park,2017,4,45160
Yellowstone National Park,2017,5,419635
Yellowstone National Park,2017,6,803652
Yellowstone National Park,2017,7,962404
Yellowstone National Park,2017,8,916166
Yellowstone National Park,2017,9,640068
Yellowstone National Park,2017,10,211987
Yellowstone National Park,2017,11,10468
Yellowstone National Park,2017,12,21294
Yellowstone National Park,2016,1,30621
Yellowstone National Park,2016,2,36327
Yellowstone National Park,2016,3,22924
Yellowstone National Park,2016,4,59253
Yellowstone National Park,2016,5,444630
Yellowstone National Park,2016,6,838316
Yellowstone National Park,2016,7,995917
Yellowstone National Park,2016,8,841036
Yellowstone National Park,2016,9,701754
Yellowstone National Park,2016,10,242004
Yellowstone National Park,2016,11,24710
Yellowstone National Park,2016,12,19685
Yellowstone National Park,2015,1,28091
Yellowstone National Park,2015,2,34343
Yellowstone National Park,2015,3,22989
Yellowstone National Park,2015,4,46600
Yellowstone National Park,2015,5,386064
Yellowstone National Park,2015,6,780768
Yellowstone National Park,2015,7,980702
Yellowstone National Park,2015,8,854408
Yellowstone National Park,2015,9,680213
Yellowstone National Park,2015,10,252013
Yellowstone National Park,2015,11,11049
Yellowstone National Park,2015,12,20470
Yellowstone National Park,2014,1,26778
Yellowstone National Park,2014,2,28233
Yellowstone National Park,2014,3,18778
Yellowstone National Park,2014,4,31356
Yellowstone National Park,2014,5,310039
Yellowstone National Park,2014,6,669642
Yellowstone National Park,2014,7,858856
Yellowstone National Park,2014,8,773357
Yellowstone National Park,2014,9,571764
Yellowstone National Park,2014,10,194804
Yellowstone National Park,2014,11,11537
Yellowstone National Park,2014,12,18340
Yellowstone National Park,2013,1,24699
Yellowstone National Park,2013,2,31053
Yellowstone National Park,2013,3,18613
Yellowstone National Park,2013,4,24606
Yellowstone National Park,2013,5,293250
Yellowstone National Park,2013,6,624429
Yellowstone National Park,2013,7,812212
Yellowstone National Park,2013,8,725136
Yellowstone National Park,2013,9,557925
Yellowstone National Park,2013,10,47560
Yellowstone National Park,2013,11,11169
Yellowstone National Park,2013,12,17378
Yellowstone National Park,2012,1,24766
Yellowstone National Park,2012,2,27752
Yellowstone National Park,2012,3,20248
Yellowstone National Park,2012,4,29056
Yellowstone National Park,2012,5,268251
Yellowstone National Park,2012,6,671825
Yellowstone National Park,2012,7,888335
Yellowstone National Park,2012,8,780286
Yellowstone National Park,2012,9,527610
Yellowstone National Park,2012,10,177069
Yellowstone National Park,2012,11,14059
Yellowstone National Park,2012,12,18472
Yellowstone National Park,2011,1,24517
Yellowstone National Park,2011,2,28174
Yellowstone National Park,2011,3,18728
Yellowstone National Park,2011,4,28147
Yellowstone National Park,2011,5,207842
Yellowstone National Park,2011,6,634316
Yellowstone National Park,2011,7,906935
Yellowstone National Park,2011,8,805173
Yellowstone National Park,2011,9,536349
Yellowstone National Park,2011,10,175433
Yellowstone National Park,2011,11,12198
Yellowstone National Park,2011,12,16514
Yellowstone National Park,2010,1,25595
Yellowstone National Park,2010,2,29108
Yellowstone National Park,2010,3,21028
Yellowstone National Park,2010,4,32763
Yellowstone National Park,2010,5,250445
Yellowstone National Park,2010,6,694841
Yellowstone National Park,2010,7,957785
Yellowstone National Park,2010,8,854837
Yellowstone National Park,2010,9,550504
Yellowstone National Park,2010,10,189072
Yellowstone National Park,2010,11,16819
Yellowstone National Park,2010,12,17388
Yellowstone National Park,2009,1,24770
Yellowstone National Park,2009,2,28355
Yellowstone National Park,2009,3,17317
Yellowstone National Park,2009,4,24831
Yellowstone National Park,2009,5,261763
Yellowstone National Park,2009,6,643844
Yellowstone National Park,2009,7,900515
Yellowstone National Park,2009,8,752983
Yellowstone National Park,2009,9,489438
Yellowstone National Park,2009,10,123867
Yellowstone National Park,2009,11,9397
Yellowstone National Park,2009,12,18107
Yosemite National Park,2018,1,129432
Yosemite National Park,2018,2,143321
Yosemite National Park,2018,3,170681
Yosemite National Park,2018,4,278349
Yosemite National Park,2018,5,385670
Yosemite National Park,2018,6,543690
Yosemite National Park,2018,7,504230
Yosemite National Park,2018,8,441867
Yosemite National Park,2018,9,524387
Yosemite National Park,2018,10,360776
Yosemite National Park,2018,11,215854
Yosemite National Park,2018,12,311179
Yosemite National Park,2017,1,120025
Yosemite National Park,2017,2,119421
Yosemite National Park,2017,3,166793
Yosemite National Park,2017,4,302553
Yosemite National Park,2017,5,471844
Yosemite National Park,2017,6,565702
Yosemite National Park,2017,7,633351
Yosemite National Park,2017,8,615892
Yosemite National Park,2017,9,566279
Yosemite National Park,2017,10,429827
Yosemite National Park,2017,11,217927
Yosemite National Park,2017,12,127276
Yosemite National Park,2016,1,139780
Yosemite National Park,2016,2,201601
Yosemite National Park,2016,3,286990
Yosemite National Park,2016,4,305092
Yosemite National Park,2016,5,457309
Yosemite National Park,2016,6,703614
Yosemite National Park,2016,7,780728
Yosemite National Park,2016,8,692450
Yosemite National Park,2016,9,598428
Yosemite National Park,2016,10,483232
Yosemite National Park,2016,11,218998
Yosemite National Park,2016,12,160646
Yosemite National Park,2015,1,128318
Yosemite National Park,2015,2,135316
Yosemite National Park,2015,3,194667
Yosemite National Park,2015,4,281328
Yosemite National Park,2015,5,408121
Yosemite National Park,2015,6,545231
Yosemite National Park,2015,7,626009
Yosemite National Park,2015,8,636936
Yosemite National Park,2015,9,527402
Yosemite National Park,2015,10,357223
Yosemite National Park,2015,11,169425
Yosemite National Park,2015,12,140241
Yosemite National Park,2014,1,112133
Yosemite National Park,2014,2,113403
Yosemite National Park,2014,3,146750
Yosemite National Park,2014,4,242722
Yosemite National Park,2014,5,333308
Yosemite National Park,2014,6,496363
Yosemite National Park,2014,7,623663
Yosemite National Park,2014,8,654157
Yosemite National Park,2014,9,467205
Yosemite National Park,2014,10,354769
Yosemite National Park,2014,11,203678
Yosemite National Park,2014,12,134491
Yosemite National Park,2013,1,103910
Yosemite National Park,2013,2,114440
Yosemite National Park,2013,3,165409
Yosemite National Park,2013,4,231178
Yosemite National Park,2013,5,370422
Yosemite National Park,2013,6,508941
Yosemite National Park,2013,7,611538
Yosemite National Park,2013,8,552137
Yosemite National Park,2013,9,460855
Yosemite National Park,2013,10,279526
Yosemite National Park,2013,11,161356
Yosemite National Park,2013,12,131479
Yosemite National Park,2012,1,120496
Yosemite National Park,2012,2,113341
Yosemite National Park,2012,3,136687
Yosemite National Park,2012,4,243102
Yosemite National Park,2012,5,356500
Yosemite National Park,2012,6,528186
Yosemite National Park,2012,7,623101
Yosemite National Park,2012,8,660118
Yosemite National Park,2012,9,482004
Yosemite National Park,2012,10,322687
Yosemite National Park,2012,11,141868
Yosemite National Park,2012,12,125314
Yosemite National Park,2011,1,100718
Yosemite National Park,2011,2,93588
Yosemite National Park,2011,3,100433
Yosemite National Park,2011,4,231372
Yosemite National Park,2011,5,356588
Yosemite National Park,2011,6,503741
Yosemite National Park,2011,7,704553
Yosemite National Park,2011,8,699749
Yosemite National Park,2011,9,533502
Yosemite National Park,2011,10,360449
Yosemite National Park,2011,11,139079
Yosemite National Park,2011,12,127621
Yosemite National Park,2010,1,96089
Yosemite National Park,2010,2,100379
Yosemite National Park,2010,3,149651
Yosemite National Park,2010,4,224461
Yosemite National Park,2010,5,382414
Yosemite National Park,2010,6,521059
Yosemite National Park,2010,7,643566
Yosemite National Park,2010,8,659857
Yosemite National Park,2010,9,520210
Yosemite National Park,2010,10,356370
Yosemite National Park,2010,11,148459
Yosemite National Park,2010,12,98893
Yosemite National Park,2009,1,101984
Yosemite National Park,2009,2,78795
Yosemite National Park,2009,3,132711
Yosemite National Park,2009,4,230828
Yosemite National Park,2009,5,399683
Yosemite National Park,2009,6,483382
Yosemite National Park,2009,7,586591
Yosemite National Park,2009,8,643300
Yosemite National Park,2009,9,471530
Yosemite National Park,2009,10,346826
Yosemite National Park,2009,11,151297
Yosemite National Park,2009,12,110545
Zion National Park,2018,1,107960
Zion National Park,2018,2,127790
Zion National Park,2018,3,373523
Zion National Park,2018,4,483487
Zion National Park,2018,5,500118
Zion National Park,2018,6,541464
Zion National Park,2018,7,500350
Zion National Park,2018,8,459415
Zion National Park,2018,9,481507
Zion National Park,2018,10,377826
Zion National Park,2018,11,218799
Zion National Park,2018,12,147794
Zion National Park,2017,1,88561
Zion National Park,2017,2,110569
Zion National Park,2017,3,345476
Zion National Park,2017,4,515652
Zion National Park,2017,5,509017
Zion National Park,2017,6,533252
Zion National Park,2017,7,576349
Zion National Park,2017,8,529684
Zion National Park,2017,9,512940
Zion National Park,2017,10,422377
Zion National Park,2017,11,222069
Zion National Park,2017,12,138866
Zion National Park,2016,1,84145
Zion National Park,2016,2,117510
Zion National Park,2016,3,359920
Zion National Park,2016,4,395768
Zion National Park,2016,5,447976
Zion National Park,2016,6,544890
Zion National Park,2016,7,599961
Zion National Park,2016,8,477507
Zion National Park,2016,9,497825
Zion National Park,2016,10,412916
Zion National Park,2016,11,232271
Zion National Park,2016,12,124438
Zion National Park,2015,1,78318
Zion National Park,2015,2,106314
Zion National Park,2015,3,291118
Zion National Park,2015,4,392417
Zion National Park,2015,5,400048
Zion National Park,2015,6,458546
Zion National Park,2015,7,479538
Zion National Park,2015,8,455487
Zion National Park,2015,9,394201
Zion National Park,2015,10,314966
Zion National Park,2015,11,180390
Zion National Park,2015,12,97503
Zion National Park,2014,1,70862
Zion National Park,2014,2,74625
Zion National Park,2014,3,226424
Zion National Park,2014,4,312381
Zion National Park,2014,5,391969
Zion National Park,2014,6,397753
Zion National Park,2014,7,407153
Zion National Park,2014,8,391973
Zion National Park,2014,9,340855
Zion National Park,2014,10,304108
Zion National Park,2014,11,169607
Zion National Park,2014,12,101986
Zion National Park,2013,1,56972
Zion National Park,2013,2,64994
Zion National Park,2013,3,227899
Zion National Park,2013,4,292765
Zion National Park,2013,5,313594
Zion National Park,2013,6,367217
Zion National Park,2013,7,379129
Zion National Park,2013,8,345014
Zion National Park,2013,9,339593
Zion National Park,2013,10,203056
Zion National Park,2013,11,141251
Zion National Park,2013,12,75903
Zion National Park,2012,1,68202
Zion National Park,2012,2,74382
Zion National Park,2012,3,165242
Zion National Park,2012,4,352192
Zion National Park,2012,5,343488
Zion National Park,2012,6,370280
Zion National Park,2012,7,392359
Zion National Park,2012,8,364857
Zion National Park,2012,9,355140
Zion National Park,2012,10,276134
Zion National Park,2012,11,140350
Zion National Park,2012,12,70981
Zion National Park,2011,1,64524
Zion National Park,2011,2,67801
Zion National Park,2011,3,164037
Zion National Park,2011,4,255813
Zion National Park,2011,5,325089
Zion National Park,2011,6,376453
Zion National Park,2011,7,391144
Zion National Park,2011,8,360196
Zion National Park,2011,9,324727
Zion National Park,2011,10,273876
Zion National Park,2011,11,145158
Zion National Park,2011,12,76687
Zion National Park,2010,1,54928
Zion National Park,2010,2,62099
Zion National Park,2010,3,171079
Zion National Park,2010,4,277599
Zion National Park,2010,5,304278
Zion National Park,2010,6,331185
Zion National Park,2010,7,362881
Zion National Park,2010,8,332796
Zion National Park,2010,9,319838
Zion National Park,2010,10,236316
Zion National Park,2010,11,143272
Zion National Park,2010,12,69701
Zion National Park,2009,1,60204
Zion National Park,2009,2,62964
Zion National Park,2009,3,167246
Zion National Park,2009,4,271709
Zion National Park,2009,5,296330
Zion National Park,2009,6,366004
Zion National Park,2009,7,368933
Zion National Park,2009,8,372157
Zion National Park,2009,9,306161
Zion National Park,2009,10,265095
Zion National Park,2009,11,132998
Zion National Park,2009,12,65601
